nTrainingData,GPU [seconds],CPU [seconds]
10,2.369073391,0.3912408352
100,18.000682354,2.8489484787
500,85.7833416462,14.132361412
1000,167.8635158539,28.1977562904
1500,252.8750405312,41.7826945782
2000,334.6685929298,55.431804657
3000,508.8929998875,82.732319355
4000,671.6369481087,110.5895307064
